,captcha,label
0,captcha0.png,fe6ad77
1,captcha1.png,938732f84
2,captcha2.png,a956c
3,captcha3.png,a29b92a
4,captcha4.png,cdd3945a1
5,captcha5.png,84ac3
6,captcha6.png,c8162a
7,captcha7.png,20a88
8,captcha8.png,52a4cd
9,captcha9.png,a7a3d95
10,captcha10.png,2bd3
11,captcha11.png,20f16
12,captcha12.png,adc29e
13,captcha13.png,d4ca5fa5
14,captcha14.png,0a026c8
15,captcha15.png,5ca66b
16,captcha16.png,184e4cd2
17,captcha17.png,54f5
18,captcha18.png,d26ed93
19,captcha19.png,2b5f8
20,captcha20.png,2d71e5d90
21,captcha21.png,c173d
22,captcha22.png,ac27133
23,captcha23.png,26ff22d
24,captcha24.png,45ac
25,captcha25.png,d175
26,captcha26.png,401c5524b
27,captcha27.png,d3dd
28,captcha28.png,8456aab
29,captcha29.png,eeb5a1c3d
30,captcha30.png,27252a80
31,captcha31.png,b72179f
32,captcha32.png,efcc86
33,captcha33.png,4bfb22
34,captcha34.png,ac451cd4b
35,captcha35.png,46f5b6a
36,captcha36.png,8d8383
37,captcha37.png,697245403
38,captcha38.png,ed8c7c
39,captcha39.png,15afef
40,captcha40.png,74004cda7
41,captcha41.png,e199aa7
42,captcha42.png,a0ce09c
43,captcha43.png,1d015
44,captcha44.png,ee369d
45,captcha45.png,a128a1b5c
46,captcha46.png,2e1eb3
47,captcha47.png,8d3f4
48,captcha48.png,cd82b
49,captcha49.png,457cff0
50,captcha50.png,19630
51,captcha51.png,305f7ac3f
52,captcha52.png,1a9a1cf1
53,captcha53.png,ddb0ad
54,captcha54.png,7caa
55,captcha55.png,a30c
56,captcha56.png,4fe8963
57,captcha57.png,e530
58,captcha58.png,8cb01
59,captcha59.png,c06d140c
60,captcha60.png,7e1e5f4c8
61,captcha61.png,44c5
62,captcha62.png,eea3
63,captcha63.png,3711f
64,captcha64.png,acbd4c7
65,captcha65.png,9c366aac1
66,captcha66.png,411a
67,captcha67.png,7f3c28f
68,captcha68.png,41d190
69,captcha69.png,a8960
70,captcha70.png,21548b94
71,captcha71.png,5c537
72,captcha72.png,338651d
73,captcha73.png,558e5b9e
74,captcha74.png,17ec0
75,captcha75.png,74df6
76,captcha76.png,4880c6
77,captcha77.png,ad9bf969e
78,captcha78.png,726c3
79,captcha79.png,5a983ad
80,captcha80.png,210a1
81,captcha81.png,99bb
82,captcha82.png,6dfe7
83,captcha83.png,ee7460f33
84,captcha84.png,d20f2
85,captcha85.png,ce5582671
86,captcha86.png,b97cf
87,captcha87.png,885ff14
88,captcha88.png,c8d2aeacd
89,captcha89.png,12b7
90,captcha90.png,2cd6af
91,captcha91.png,4fd0d5b
92,captcha92.png,19c97
93,captcha93.png,e1ab
94,captcha94.png,7ca5b
95,captcha95.png,f7f90d3
96,captcha96.png,2526ced65
97,captcha97.png,48b6595
98,captcha98.png,d7d2a244d
99,captcha99.png,fd32a100
100,captcha100.png,f204786
101,captcha101.png,9ab0
102,captcha102.png,9baf16
103,captcha103.png,bf9395
104,captcha104.png,4d599a468
105,captcha105.png,d99e872c
106,captcha106.png,81c7cc6d
107,captcha107.png,320e
108,captcha108.png,76d9e
109,captcha109.png,e071
110,captcha110.png,62b2af11f
111,captcha111.png,216ae34f0
112,captcha112.png,7ea4a2
113,captcha113.png,501db9694
114,captcha114.png,6d4db31d9
115,captcha115.png,3d1844c1
116,captcha116.png,309d3020
117,captcha117.png,4c486718
118,captcha118.png,d4dde3c
119,captcha119.png,d4cde
120,captcha120.png,106e
121,captcha121.png,c10dbda04
122,captcha122.png,6f5507947
123,captcha123.png,83c2
124,captcha124.png,ccdc36af0
125,captcha125.png,2314731a9
126,captcha126.png,dd0d536d
127,captcha127.png,00b2d
128,captcha128.png,1e3c2
129,captcha129.png,ec8408a
130,captcha130.png,ac2ad9609
131,captcha131.png,60e3c2
132,captcha132.png,1d7763
133,captcha133.png,06db
134,captcha134.png,740ba30
135,captcha135.png,be88d695
136,captcha136.png,530a
137,captcha137.png,57f41
138,captcha138.png,161afc
139,captcha139.png,c3d474075
140,captcha140.png,d5dd66
141,captcha141.png,ff0230
142,captcha142.png,27f8
143,captcha143.png,1e04e8c
144,captcha144.png,74f82
145,captcha145.png,8ada
146,captcha146.png,8633844e
147,captcha147.png,a64d13f9
148,captcha148.png,b326f7
149,captcha149.png,84928
150,captcha150.png,07a42
151,captcha151.png,74923
152,captcha152.png,595c
153,captcha153.png,4095
154,captcha154.png,8f428
155,captcha155.png,c3c7ca9
156,captcha156.png,246b5
157,captcha157.png,01a06
158,captcha158.png,e4153d
159,captcha159.png,4c1b0cea
160,captcha160.png,d66f341
161,captcha161.png,0a8d82d44
162,captcha162.png,dc773
163,captcha163.png,889b61d
164,captcha164.png,740bcb9
165,captcha165.png,879b8
166,captcha166.png,6a384
167,captcha167.png,96f64978
168,captcha168.png,e6909c8
169,captcha169.png,89add223
170,captcha170.png,452efb
171,captcha171.png,cdf1addb
172,captcha172.png,d97d
173,captcha173.png,4c2c1ba6
174,captcha174.png,9958
175,captcha175.png,a4c4e
176,captcha176.png,87cf
177,captcha177.png,c4dd4edd4
178,captcha178.png,014879
179,captcha179.png,d6579
180,captcha180.png,3c377
181,captcha181.png,9f531
182,captcha182.png,f3affcec
183,captcha183.png,dc085
184,captcha184.png,858142490
185,captcha185.png,dde1b514b
186,captcha186.png,2010ac
187,captcha187.png,1de5b7
188,captcha188.png,d64d
189,captcha189.png,58c85d76
190,captcha190.png,8b0e
191,captcha191.png,cf845e67
192,captcha192.png,ff48
193,captcha193.png,02c95
194,captcha194.png,266562f
195,captcha195.png,0535401
196,captcha196.png,b135c7f
197,captcha197.png,94735b04
198,captcha198.png,54a41
199,captcha199.png,147aad63
200,captcha200.png,c33b
201,captcha201.png,26e09db2
202,captcha202.png,f57eebf2a
203,captcha203.png,d914e659a
204,captcha204.png,ab1c9d2e0
205,captcha205.png,4722b0
206,captcha206.png,5f8e65852
207,captcha207.png,ecca2
208,captcha208.png,f639f
209,captcha209.png,c10d9a
210,captcha210.png,fd633
211,captcha211.png,612b0f5
212,captcha212.png,fbdcb1e
213,captcha213.png,8874c8
214,captcha214.png,a9e4eb2
215,captcha215.png,16cea1
216,captcha216.png,2d5704f37
217,captcha217.png,ea2c
218,captcha218.png,784bd8
219,captcha219.png,5e6b147
220,captcha220.png,f8ca651ea
221,captcha221.png,34de89e33
222,captcha222.png,76da5
223,captcha223.png,4a870938d
224,captcha224.png,b919
225,captcha225.png,2f0f6d
226,captcha226.png,f0ebbac
227,captcha227.png,ea90
228,captcha228.png,e0e2d88
229,captcha229.png,cb9510920
230,captcha230.png,f56f
231,captcha231.png,8d00fa35
232,captcha232.png,597126
233,captcha233.png,0a9b
234,captcha234.png,b490
235,captcha235.png,56fff8
236,captcha236.png,2ed5
237,captcha237.png,4a2c
238,captcha238.png,e2ca55f4
239,captcha239.png,c522
240,captcha240.png,3c20
241,captcha241.png,2299
242,captcha242.png,b8b24249
243,captcha243.png,cf4c2da5f
244,captcha244.png,3e1603c5
245,captcha245.png,846e42
246,captcha246.png,03f7d45
247,captcha247.png,ebb39a8e
248,captcha248.png,919a
249,captcha249.png,56f6e4
250,captcha250.png,62b6
251,captcha251.png,0760b
252,captcha252.png,6e31640
253,captcha253.png,fed98
254,captcha254.png,a0afbd
255,captcha255.png,3b6fe46e
256,captcha256.png,93a0532
257,captcha257.png,77376066
258,captcha258.png,b3c7b3
259,captcha259.png,040f
260,captcha260.png,a41e
261,captcha261.png,cfe2
262,captcha262.png,876e09d2
263,captcha263.png,cb551cf
264,captcha264.png,42e602
265,captcha265.png,4a0097
266,captcha266.png,435107
267,captcha267.png,08ef84eb
268,captcha268.png,e15594a3
269,captcha269.png,be33bceaa
270,captcha270.png,6afabb88a
271,captcha271.png,d72694b
272,captcha272.png,044f
273,captcha273.png,a43d1
274,captcha274.png,469be86ef
275,captcha275.png,4cd3ca
276,captcha276.png,161f7b6
277,captcha277.png,df2e075
278,captcha278.png,e3be57e
279,captcha279.png,6b4078
280,captcha280.png,3ae9d096
281,captcha281.png,4935ec7d
282,captcha282.png,b436ea64
283,captcha283.png,340bd21
284,captcha284.png,eb83291
285,captcha285.png,731ca3
286,captcha286.png,fc06
287,captcha287.png,f1e7660a
288,captcha288.png,dc933e4
289,captcha289.png,9529
290,captcha290.png,7a87a
291,captcha291.png,9df6a46d
292,captcha292.png,b16a
293,captcha293.png,729b1fca1
294,captcha294.png,de6bbce
295,captcha295.png,14a0
296,captcha296.png,50a028
297,captcha297.png,62af8c
298,captcha298.png,deae64be1
299,captcha299.png,2c8c
300,captcha300.png,bf25
301,captcha301.png,da7128
302,captcha302.png,999d9
303,captcha303.png,8bafc5
304,captcha304.png,e1dacd
305,captcha305.png,abb14889
306,captcha306.png,2fc33e
307,captcha307.png,c90176cd
308,captcha308.png,30ee6ce7
309,captcha309.png,8e0b226
310,captcha310.png,00f572f
311,captcha311.png,015f7
312,captcha312.png,032dc783
313,captcha313.png,01666
314,captcha314.png,ddd88560c
315,captcha315.png,fb7f8db18
316,captcha316.png,995e7189
317,captcha317.png,8283c1
318,captcha318.png,010cedc29
319,captcha319.png,4293ff4
320,captcha320.png,f4858f42c
321,captcha321.png,e92f4e880
322,captcha322.png,eced1
323,captcha323.png,ed8de4
324,captcha324.png,2c2c
325,captcha325.png,18ac0acc2
326,captcha326.png,6e7c
327,captcha327.png,6620
328,captcha328.png,7cb5
329,captcha329.png,9f252
330,captcha330.png,96cd94f7
331,captcha331.png,eaa78117a
332,captcha332.png,0efa4
333,captcha333.png,ab85
334,captcha334.png,17a376bd
335,captcha335.png,b1762f94
336,captcha336.png,b143f26
337,captcha337.png,d97a5fef7
338,captcha338.png,edfda8599
339,captcha339.png,30336d
340,captcha340.png,bb1b
341,captcha341.png,7d05f99f0
342,captcha342.png,506c
343,captcha343.png,3390c
344,captcha344.png,9dff5
345,captcha345.png,e6e3ca4
346,captcha346.png,bf74de8
347,captcha347.png,41cf
348,captcha348.png,42f26a
349,captcha349.png,9b03
350,captcha350.png,a3e3
351,captcha351.png,1b3326fd
352,captcha352.png,af94e594
353,captcha353.png,14c3
354,captcha354.png,08d7
355,captcha355.png,65a45e5
356,captcha356.png,0655
357,captcha357.png,58b146c7
358,captcha358.png,f961a38
359,captcha359.png,ead16fa8
360,captcha360.png,83f596
361,captcha361.png,b11bd
362,captcha362.png,2b83c2b
363,captcha363.png,8e3f
364,captcha364.png,51a75
365,captcha365.png,8f6f
366,captcha366.png,9306a6
367,captcha367.png,8f26d32f
368,captcha368.png,3ec76627
369,captcha369.png,fb98b9
370,captcha370.png,147bba1
371,captcha371.png,d0e1b
372,captcha372.png,019afc
373,captcha373.png,8063
374,captcha374.png,8215763
375,captcha375.png,0267b
376,captcha376.png,3996001cc
377,captcha377.png,ab157
378,captcha378.png,562d906b
379,captcha379.png,98507d
380,captcha380.png,ae2c
381,captcha381.png,b5ccbb1e
382,captcha382.png,2604
383,captcha383.png,fe45
384,captcha384.png,56e118d
385,captcha385.png,c972
386,captcha386.png,bd4cf07ca
387,captcha387.png,aa5b5adee
388,captcha388.png,cf49e0e
389,captcha389.png,176eccddf
390,captcha390.png,75efd3
391,captcha391.png,1f57
392,captcha392.png,b108d5b
393,captcha393.png,b72065
394,captcha394.png,6ec3c
395,captcha395.png,051ead38
396,captcha396.png,b765aa203
397,captcha397.png,81c2
398,captcha398.png,cacf4fd6
399,captcha399.png,63bd87d32
400,captcha400.png,bc76b
401,captcha401.png,37b4ec2
402,captcha402.png,5b6502
403,captcha403.png,6b43012
404,captcha404.png,0a610
405,captcha405.png,5418c8
406,captcha406.png,d7e39c7
407,captcha407.png,1c79c80d
408,captcha408.png,d1832f3a
409,captcha409.png,eb3206d
410,captcha410.png,135785
411,captcha411.png,70a9c1b
412,captcha412.png,9d70
413,captcha413.png,4b46c27
414,captcha414.png,754a
415,captcha415.png,9e80
416,captcha416.png,cf295
417,captcha417.png,90bf
418,captcha418.png,fc1ff0f43
419,captcha419.png,8e6e8fe
420,captcha420.png,c832a9
421,captcha421.png,13143a
422,captcha422.png,08880
423,captcha423.png,39b40
424,captcha424.png,f43cf
425,captcha425.png,3535a8889
426,captcha426.png,14619
427,captcha427.png,ff01
428,captcha428.png,a830ee5e
429,captcha429.png,c07d1a17
430,captcha430.png,2fc8d8d5d
431,captcha431.png,0aab18ed
432,captcha432.png,17423a99
433,captcha433.png,9b72f5
434,captcha434.png,2a1a65
435,captcha435.png,4845c2
436,captcha436.png,56cffc
437,captcha437.png,8e3f
438,captcha438.png,77cee46c
439,captcha439.png,34581f
440,captcha440.png,aa99873
441,captcha441.png,6189c6d
442,captcha442.png,ae04
443,captcha443.png,f8bde44f3
444,captcha444.png,1000a
445,captcha445.png,665bf19
446,captcha446.png,d9342
447,captcha447.png,55c0
448,captcha448.png,d0fac7fbf
449,captcha449.png,c711
450,captcha450.png,c05656
451,captcha451.png,d9e3bf75d
452,captcha452.png,eec957b5
453,captcha453.png,0c58
454,captcha454.png,ae8986e2b
455,captcha455.png,b77b7e
456,captcha456.png,b41fc
457,captcha457.png,fa379b9
458,captcha458.png,5444e28ce
459,captcha459.png,1c0fd4a75
460,captcha460.png,6516fecde
461,captcha461.png,b020c7b1
462,captcha462.png,7551a5f13
463,captcha463.png,4b56e
464,captcha464.png,612e58
465,captcha465.png,b5f50cf3
466,captcha466.png,d9c09d1f
467,captcha467.png,7e5131
468,captcha468.png,1362b
469,captcha469.png,6034dc8c
470,captcha470.png,312099
471,captcha471.png,6f27253
472,captcha472.png,fcdd
473,captcha473.png,a381568
474,captcha474.png,e699b5f9
475,captcha475.png,28d1
476,captcha476.png,e805
477,captcha477.png,4756cc
478,captcha478.png,65447
479,captcha479.png,83578935
480,captcha480.png,d4f173c1d
481,captcha481.png,96b28
482,captcha482.png,980db
483,captcha483.png,6ec99ec57
484,captcha484.png,1922
485,captcha485.png,4dfe
486,captcha486.png,94345
487,captcha487.png,3885
488,captcha488.png,8297805
489,captcha489.png,32387
490,captcha490.png,c602421
491,captcha491.png,2abd95
492,captcha492.png,7ed9
493,captcha493.png,5e2e
494,captcha494.png,e2ed144
495,captcha495.png,8da4dd
496,captcha496.png,b104
497,captcha497.png,52430b07b
498,captcha498.png,29af75
499,captcha499.png,3116c
500,captcha500.png,c0f0
501,captcha501.png,537de
502,captcha502.png,fc63
503,captcha503.png,8e2f
504,captcha504.png,65bc
505,captcha505.png,e3fd74
506,captcha506.png,38c7d5
507,captcha507.png,f441c
508,captcha508.png,e3f922f
509,captcha509.png,e668
510,captcha510.png,ad3b64658
511,captcha511.png,54010d47a
512,captcha512.png,f4e58f12
513,captcha513.png,d99e0
514,captcha514.png,428c449
515,captcha515.png,ea50
516,captcha516.png,f3d660
517,captcha517.png,2a96b
518,captcha518.png,2bb6f
519,captcha519.png,0f5c4f
520,captcha520.png,d587
521,captcha521.png,66a3a
522,captcha522.png,8748
523,captcha523.png,c3878
524,captcha524.png,6e184
525,captcha525.png,a3703c2
526,captcha526.png,f6f9
527,captcha527.png,9d8bd80
528,captcha528.png,acf5e
529,captcha529.png,4bfb0e
530,captcha530.png,b145167
531,captcha531.png,dec2a
532,captcha532.png,6d8d37
533,captcha533.png,750e6
534,captcha534.png,c3cfc9ae
535,captcha535.png,93bac6090
536,captcha536.png,487dd
537,captcha537.png,36eb8
538,captcha538.png,5e9d2
539,captcha539.png,c9eeb1
540,captcha540.png,c148
541,captcha541.png,bac49
542,captcha542.png,a6ca70
543,captcha543.png,4e93
544,captcha544.png,21da9273
545,captcha545.png,9b764c88f
546,captcha546.png,31a6
547,captcha547.png,46c0
548,captcha548.png,9a39fd
549,captcha549.png,ebbde
550,captcha550.png,10b6
551,captcha551.png,8c8d0a
552,captcha552.png,d860ea395
553,captcha553.png,ea47ba
554,captcha554.png,bc41
555,captcha555.png,df1a
556,captcha556.png,6be40c42
557,captcha557.png,3b5cf
558,captcha558.png,5c71ab3
559,captcha559.png,b6502d5b
560,captcha560.png,721c2
561,captcha561.png,4b368a9
562,captcha562.png,749852847
563,captcha563.png,994ae7b
564,captcha564.png,937454e
565,captcha565.png,d6c1d7b
566,captcha566.png,54ec7516
567,captcha567.png,a8b31117
568,captcha568.png,4a9c5c363
569,captcha569.png,c8e428
570,captcha570.png,30feffb
571,captcha571.png,30da0f
572,captcha572.png,060f5f
573,captcha573.png,ac7b9d37c
574,captcha574.png,035c6
575,captcha575.png,3616e
576,captcha576.png,a0749227
577,captcha577.png,1a0c189f4
578,captcha578.png,7f459a1b
579,captcha579.png,0881a
580,captcha580.png,e1f0b9c
581,captcha581.png,4763a07
582,captcha582.png,17cd54cb
583,captcha583.png,ee6d6
584,captcha584.png,ccea5
585,captcha585.png,14429f
586,captcha586.png,24156ce
587,captcha587.png,38ad61ad
588,captcha588.png,c6f0ec30
589,captcha589.png,eef932
590,captcha590.png,6226f
591,captcha591.png,b9d0f
592,captcha592.png,7d6783
593,captcha593.png,abc7b0e2
594,captcha594.png,10bb50
595,captcha595.png,0907f9
596,captcha596.png,a74b30
597,captcha597.png,5ad26da
598,captcha598.png,12bafa2
599,captcha599.png,c0523fd
600,captcha600.png,b9093
601,captcha601.png,ed0494
602,captcha602.png,c74be4
603,captcha603.png,46c7e6
604,captcha604.png,00d0f
605,captcha605.png,58e3d6b
606,captcha606.png,3dc461
607,captcha607.png,687626c8d
608,captcha608.png,5691aedd2
609,captcha609.png,c0785
610,captcha610.png,3fb2
611,captcha611.png,4091d7b
612,captcha612.png,84434d
613,captcha613.png,98ead2dcc
614,captcha614.png,927477
615,captcha615.png,46664786
616,captcha616.png,f2e64b6f6
617,captcha617.png,1e6c
618,captcha618.png,d96d5
619,captcha619.png,cb6eea3
620,captcha620.png,ab0b99fc
621,captcha621.png,3f92
622,captcha622.png,7e2199f2f
623,captcha623.png,b4f890f7
624,captcha624.png,c56372b9c
625,captcha625.png,2e96e969a
626,captcha626.png,1b5c
627,captcha627.png,56b622f
628,captcha628.png,6de9
629,captcha629.png,5bbfbe
630,captcha630.png,dfdb7e7
631,captcha631.png,a65bbb0b
632,captcha632.png,8a49bcd
633,captcha633.png,4043b
634,captcha634.png,8302c3
635,captcha635.png,0e7ddf2
636,captcha636.png,1a656
637,captcha637.png,06534e24e
638,captcha638.png,9f2c2
639,captcha639.png,0984792
640,captcha640.png,d89c
641,captcha641.png,68ef67b7b
642,captcha642.png,82bdad
643,captcha643.png,e348ee
644,captcha644.png,4bfc68a
645,captcha645.png,4f19b94
646,captcha646.png,3726b
647,captcha647.png,a22d
648,captcha648.png,409f10c
649,captcha649.png,86e65
650,captcha650.png,ae15a5b13
651,captcha651.png,f5460833
652,captcha652.png,503fdeb
653,captcha653.png,e04867d
654,captcha654.png,3dff23b
655,captcha655.png,c024
656,captcha656.png,c551df0
657,captcha657.png,221153af
658,captcha658.png,3a9faae45
659,captcha659.png,eab75551
660,captcha660.png,e5cce1b15
661,captcha661.png,78b7ab7b9
662,captcha662.png,89808
663,captcha663.png,ca839
664,captcha664.png,7024a801a
665,captcha665.png,be8ac2
666,captcha666.png,e03ddb6b3
667,captcha667.png,a77b72a
668,captcha668.png,6e6ab
669,captcha669.png,b7b7231
670,captcha670.png,e63c
671,captcha671.png,11f9fe27
672,captcha672.png,f63a4d
673,captcha673.png,6fc001e
674,captcha674.png,ae6398fa
675,captcha675.png,9d4b4ae3
676,captcha676.png,0f6b
677,captcha677.png,8d4f2
678,captcha678.png,1c6b
679,captcha679.png,7847bd
680,captcha680.png,eabc5605a
681,captcha681.png,48ef54d
682,captcha682.png,01aa0615
683,captcha683.png,e430
684,captcha684.png,8049
685,captcha685.png,59b36b522
686,captcha686.png,aed7
687,captcha687.png,ca7ef
688,captcha688.png,1cc0
689,captcha689.png,8267ae82b
690,captcha690.png,14fe22
691,captcha691.png,86d713
692,captcha692.png,f2035cd
693,captcha693.png,0f40
694,captcha694.png,d7b473c
695,captcha695.png,f412
696,captcha696.png,001a5
697,captcha697.png,efe6012fe
698,captcha698.png,8e9193
699,captcha699.png,cb069
700,captcha700.png,3d32e
701,captcha701.png,a7cf10a0
702,captcha702.png,b85e42
703,captcha703.png,6d0e7
704,captcha704.png,727c73
705,captcha705.png,932c8f9
706,captcha706.png,2bacded
707,captcha707.png,ca446
708,captcha708.png,8a946d
709,captcha709.png,611e5
710,captcha710.png,e8330
711,captcha711.png,226c4a7
712,captcha712.png,16de5
713,captcha713.png,cf50e73
714,captcha714.png,f19c3d
715,captcha715.png,a81214
716,captcha716.png,71a0f
717,captcha717.png,8d7398
718,captcha718.png,e71cc
719,captcha719.png,d6ee09ea
720,captcha720.png,bd425677e
721,captcha721.png,fee8182
722,captcha722.png,3305
723,captcha723.png,43b97f
724,captcha724.png,5b99e82b8
725,captcha725.png,89bc4245
726,captcha726.png,2649f7cac
727,captcha727.png,3d96bdf55
728,captcha728.png,4e9bd68
729,captcha729.png,95c1daa
730,captcha730.png,11df0bc
731,captcha731.png,1eed03215
732,captcha732.png,6591cb
733,captcha733.png,9d45d82ae
734,captcha734.png,499ca
735,captcha735.png,6536f
736,captcha736.png,c02b393e0
737,captcha737.png,270f16cf
738,captcha738.png,911e94a
739,captcha739.png,4db5595d2
740,captcha740.png,e6d9b28
741,captcha741.png,9aa64
742,captcha742.png,22e4f71
743,captcha743.png,5cd432
744,captcha744.png,6d98
745,captcha745.png,f93d790a
746,captcha746.png,766ed00
747,captcha747.png,6ffa326
748,captcha748.png,b29d71135
749,captcha749.png,f83370ab1
750,captcha750.png,96e312
751,captcha751.png,3400f
752,captcha752.png,ff82354
753,captcha753.png,1d530d2
754,captcha754.png,b52f
755,captcha755.png,f95b9
756,captcha756.png,738dd2aa
757,captcha757.png,9680e
758,captcha758.png,688e3c42
759,captcha759.png,c831d4d
760,captcha760.png,acb0e90
761,captcha761.png,722b70f
762,captcha762.png,ce57d639
763,captcha763.png,53190
764,captcha764.png,88be2487
765,captcha765.png,08850c17
766,captcha766.png,20556
767,captcha767.png,ad275
768,captcha768.png,1c4d49d
769,captcha769.png,3fac58
770,captcha770.png,27db36f
771,captcha771.png,661152e4
772,captcha772.png,380f3
773,captcha773.png,91b5fb011
774,captcha774.png,8ef18
775,captcha775.png,8a265377
776,captcha776.png,b7bea
777,captcha777.png,26b7697a7
778,captcha778.png,868517eb
779,captcha779.png,fddd6
780,captcha780.png,337f41
781,captcha781.png,ef0807853
782,captcha782.png,da848f36e
783,captcha783.png,f4540f7
784,captcha784.png,2e86aa64
785,captcha785.png,7c50
786,captcha786.png,8c105639
787,captcha787.png,9eebf276
788,captcha788.png,8e3ae
789,captcha789.png,c87e52
790,captcha790.png,c2ba8889a
791,captcha791.png,ffbc8
792,captcha792.png,908d798
793,captcha793.png,b07413
794,captcha794.png,c14fd392
795,captcha795.png,8127c
796,captcha796.png,3d040080
797,captcha797.png,e52f657
798,captcha798.png,c66c2
799,captcha799.png,1fc23
800,captcha800.png,cf3d8
801,captcha801.png,31256
802,captcha802.png,826b8
803,captcha803.png,62968e
804,captcha804.png,2bec99
805,captcha805.png,411030caa
806,captcha806.png,fefb
807,captcha807.png,ba146d0
808,captcha808.png,52f3da5f0
809,captcha809.png,c643266a4
810,captcha810.png,a1dd
811,captcha811.png,0d163
812,captcha812.png,4075
813,captcha813.png,aa9dc0af
814,captcha814.png,62f7c
815,captcha815.png,914b9e
816,captcha816.png,8ab752b4
817,captcha817.png,58422c
818,captcha818.png,52e443114
819,captcha819.png,0d56
820,captcha820.png,3bf3f9
821,captcha821.png,d66d1922
822,captcha822.png,975ca619
823,captcha823.png,35f8711dc
824,captcha824.png,53f99
825,captcha825.png,ca32b
826,captcha826.png,d36d
827,captcha827.png,3a53b3aa3
828,captcha828.png,1b8694
829,captcha829.png,07549c5
830,captcha830.png,fa1d231
831,captcha831.png,28e6b56d
832,captcha832.png,5f67
833,captcha833.png,e8ef1e
834,captcha834.png,bbe6f667
835,captcha835.png,3d4863
836,captcha836.png,45d36771
837,captcha837.png,1aa693
838,captcha838.png,b9660f
839,captcha839.png,40bb6d
840,captcha840.png,ddc69ca
841,captcha841.png,c8138b5
842,captcha842.png,66859e5b2
843,captcha843.png,ec50bce5b
844,captcha844.png,8f6ba80
845,captcha845.png,2d1b3
846,captcha846.png,04d8d29
847,captcha847.png,34ae09
848,captcha848.png,ad7c6c6
849,captcha849.png,a02a127a
850,captcha850.png,e732f3
851,captcha851.png,d2f3b
852,captcha852.png,2a64
853,captcha853.png,4840d
854,captcha854.png,b64cb3
855,captcha855.png,9e15fa
856,captcha856.png,6802396d
857,captcha857.png,28601
858,captcha858.png,e79f28e
859,captcha859.png,e1e707879
860,captcha860.png,ad45dd52
861,captcha861.png,cd189b38
862,captcha862.png,6998136d
863,captcha863.png,6c76cab
864,captcha864.png,e1cd7df
865,captcha865.png,cda6020b0
866,captcha866.png,ad8bca3
867,captcha867.png,88da3
868,captcha868.png,f99b62770
869,captcha869.png,17f10943
870,captcha870.png,5d57b
871,captcha871.png,b3db64669
872,captcha872.png,456da97
873,captcha873.png,1127d7d93
874,captcha874.png,6ee73
875,captcha875.png,63552
876,captcha876.png,a1d00
877,captcha877.png,97651ace
878,captcha878.png,c7c3825a
879,captcha879.png,871facbca
880,captcha880.png,ffc2
881,captcha881.png,a0c89
882,captcha882.png,736e47
883,captcha883.png,2f1038f9
884,captcha884.png,e581
885,captcha885.png,b3ff64
886,captcha886.png,1102994f
887,captcha887.png,5241c5
888,captcha888.png,4286b
889,captcha889.png,bef0314
890,captcha890.png,2e3d9b60
891,captcha891.png,607987c7
892,captcha892.png,4bc72f413
893,captcha893.png,28a5
894,captcha894.png,320a
895,captcha895.png,6edb
896,captcha896.png,83980acb
897,captcha897.png,fc658c6
898,captcha898.png,8ae0c96
899,captcha899.png,1d69
900,captcha900.png,3ba8
901,captcha901.png,d59cc
902,captcha902.png,97a0
903,captcha903.png,a6874d1
904,captcha904.png,7a1070a28
905,captcha905.png,1a93da0
906,captcha906.png,ed4ee
907,captcha907.png,3a5cbd0f
908,captcha908.png,c08a009b
909,captcha909.png,713fc90d
910,captcha910.png,889ab6
911,captcha911.png,670a485
912,captcha912.png,5292907
913,captcha913.png,0e62a6c
914,captcha914.png,fc0ee1
915,captcha915.png,1b79
916,captcha916.png,155203ee6
917,captcha917.png,5272
918,captcha918.png,1052121
919,captcha919.png,7dec74
920,captcha920.png,2a556b8
921,captcha921.png,57ee
922,captcha922.png,7c9959172
923,captcha923.png,8dc060a
924,captcha924.png,dc2b5a
925,captcha925.png,040d8
926,captcha926.png,9687
927,captcha927.png,0e5d
928,captcha928.png,40f3
929,captcha929.png,f4bf045
930,captcha930.png,59962b
931,captcha931.png,0b04683b0
932,captcha932.png,aaf9704da
933,captcha933.png,6fe4700
934,captcha934.png,f2c153
935,captcha935.png,4ee3e92
936,captcha936.png,121f
937,captcha937.png,da70
938,captcha938.png,a014407
939,captcha939.png,027a0bb2
940,captcha940.png,fbe8
941,captcha941.png,4bb824d4
942,captcha942.png,2a1565
943,captcha943.png,0a2e
944,captcha944.png,af8743a
945,captcha945.png,748086
946,captcha946.png,d8ebaf17e
947,captcha947.png,9bb26
948,captcha948.png,d122d
949,captcha949.png,3d68e4
950,captcha950.png,02df
951,captcha951.png,6f6b0f308
952,captcha952.png,b660ff
953,captcha953.png,55cb513
954,captcha954.png,5804197bd
955,captcha955.png,5b5580d50
956,captcha956.png,834aa1
957,captcha957.png,0946bf2
958,captcha958.png,610da
959,captcha959.png,c785b3acd
960,captcha960.png,e2df1
961,captcha961.png,56472e8cc
962,captcha962.png,c603bda
963,captcha963.png,ea1a1b05
964,captcha964.png,e9715cb1b
965,captcha965.png,0b7d9197
966,captcha966.png,90ffd5
967,captcha967.png,4ef2
968,captcha968.png,e15de318
969,captcha969.png,e3940ac
970,captcha970.png,8ec5f78b
971,captcha971.png,03a3
972,captcha972.png,ab4b2d
973,captcha973.png,31d6e80
974,captcha974.png,7cb8
975,captcha975.png,8f585f
976,captcha976.png,9da87
977,captcha977.png,6d26a40cd
978,captcha978.png,90cd244
979,captcha979.png,970161
980,captcha980.png,1171
981,captcha981.png,bcddd9db
982,captcha982.png,e13d2b71d
983,captcha983.png,7bb1be
984,captcha984.png,8095
985,captcha985.png,35ecd2b
986,captcha986.png,3939ef
987,captcha987.png,b11b3cf
988,captcha988.png,fd9c7b
989,captcha989.png,3f85a6a
990,captcha990.png,3338ad4b
991,captcha991.png,e30326d12
992,captcha992.png,1b9e5c343
993,captcha993.png,162023
994,captcha994.png,3112
995,captcha995.png,5af59c1e2
996,captcha996.png,1f3541
997,captcha997.png,b82cbf
998,captcha998.png,be15
999,captcha999.png,0a53b8
1000,captcha1000.png,e2ce3
1001,captcha1001.png,f033aa
1002,captcha1002.png,e01998f30
1003,captcha1003.png,57cc9e
1004,captcha1004.png,306737
1005,captcha1005.png,5592
1006,captcha1006.png,6f19d
1007,captcha1007.png,56f9d
1008,captcha1008.png,fc4289
1009,captcha1009.png,69a86d
1010,captcha1010.png,5ed4
1011,captcha1011.png,7d5ee
1012,captcha1012.png,f6b38dd8d
1013,captcha1013.png,e409c
1014,captcha1014.png,dd7ee9
1015,captcha1015.png,608ab
1016,captcha1016.png,c0797bb1
1017,captcha1017.png,cea2760
1018,captcha1018.png,b56d09
1019,captcha1019.png,3899
1020,captcha1020.png,eda0e78
1021,captcha1021.png,4117206
1022,captcha1022.png,cb0c2
1023,captcha1023.png,7054
1024,captcha1024.png,873e05a8d
1025,captcha1025.png,50e0
1026,captcha1026.png,f2af
1027,captcha1027.png,9107d3a06
1028,captcha1028.png,d985bcc93
1029,captcha1029.png,11c8d
1030,captcha1030.png,4318d3
1031,captcha1031.png,887df3498
1032,captcha1032.png,e041
1033,captcha1033.png,e4b1ddcf0
1034,captcha1034.png,c02ec2fc
1035,captcha1035.png,92d430a4
1036,captcha1036.png,bbb2
1037,captcha1037.png,021cfc4
1038,captcha1038.png,28cdfe
1039,captcha1039.png,f8fa3d155
1040,captcha1040.png,6a0317
1041,captcha1041.png,e40eb
1042,captcha1042.png,8cf71f
1043,captcha1043.png,808e
1044,captcha1044.png,e6eae2ba8
1045,captcha1045.png,b90d
1046,captcha1046.png,43ab155b3
1047,captcha1047.png,bc15297d0
1048,captcha1048.png,c7009830c
1049,captcha1049.png,43692
1050,captcha1050.png,8e1319ce
1051,captcha1051.png,470b900
1052,captcha1052.png,3ad26
1053,captcha1053.png,b84b97be
1054,captcha1054.png,d988daf
1055,captcha1055.png,82b1
1056,captcha1056.png,43f8369
1057,captcha1057.png,f120874
1058,captcha1058.png,0d96
1059,captcha1059.png,713a
1060,captcha1060.png,75c19671d
1061,captcha1061.png,f165e1
1062,captcha1062.png,f431ca7bb
1063,captcha1063.png,5ae21ddd
1064,captcha1064.png,8ff73271
1065,captcha1065.png,c617af6
1066,captcha1066.png,fdfe11b
1067,captcha1067.png,e23e
1068,captcha1068.png,b117fc73
1069,captcha1069.png,fed2
1070,captcha1070.png,eab4
1071,captcha1071.png,df6e1
1072,captcha1072.png,216728e
1073,captcha1073.png,924405af
1074,captcha1074.png,41e749
1075,captcha1075.png,c27b3c69
1076,captcha1076.png,faec4
1077,captcha1077.png,46c45e2e4
1078,captcha1078.png,6f8d
1079,captcha1079.png,e30dea1f
1080,captcha1080.png,048591
1081,captcha1081.png,f8f9a6b6b
1082,captcha1082.png,3ad91
1083,captcha1083.png,3fe860
1084,captcha1084.png,fe18be7ae
1085,captcha1085.png,0d5929e1e
1086,captcha1086.png,e6129c1
1087,captcha1087.png,ea2fce6
1088,captcha1088.png,339438509
1089,captcha1089.png,e0d6e
1090,captcha1090.png,b37987
1091,captcha1091.png,6c2755ea
1092,captcha1092.png,266e
1093,captcha1093.png,62add4
1094,captcha1094.png,27307
1095,captcha1095.png,789a4
1096,captcha1096.png,999b964
1097,captcha1097.png,f05d
1098,captcha1098.png,9e30
1099,captcha1099.png,76f9a09c
1100,captcha1100.png,7eff987
1101,captcha1101.png,85384dd
1102,captcha1102.png,1c133bb
1103,captcha1103.png,4a3fd
1104,captcha1104.png,c2e10d7
1105,captcha1105.png,b70f47
1106,captcha1106.png,0f8cf
1107,captcha1107.png,966f7
1108,captcha1108.png,0045795
1109,captcha1109.png,f7f2c247
1110,captcha1110.png,6bdfc40c
1111,captcha1111.png,a1d5f348b
1112,captcha1112.png,a6b15e857
1113,captcha1113.png,ae96dc40
1114,captcha1114.png,498a726
1115,captcha1115.png,2b21e73a
1116,captcha1116.png,8438
1117,captcha1117.png,d89d74042
1118,captcha1118.png,f86cabbc
1119,captcha1119.png,a40a989
1120,captcha1120.png,a575ada
1121,captcha1121.png,fe216149
1122,captcha1122.png,2416803
1123,captcha1123.png,ecb06
1124,captcha1124.png,f60850202
1125,captcha1125.png,056e
1126,captcha1126.png,8935
1127,captcha1127.png,98d9ed307
1128,captcha1128.png,d911
1129,captcha1129.png,ef4b
1130,captcha1130.png,163969043
1131,captcha1131.png,48f713388
1132,captcha1132.png,3f7e5
1133,captcha1133.png,800c4eb
1134,captcha1134.png,4b4d5e3cb
1135,captcha1135.png,07db9ca48
1136,captcha1136.png,6917
1137,captcha1137.png,b3ee05e8a
1138,captcha1138.png,2a59543
1139,captcha1139.png,3d5544f8
1140,captcha1140.png,f13dd2
1141,captcha1141.png,f1502e0
1142,captcha1142.png,ff0c
1143,captcha1143.png,e4b3a90
1144,captcha1144.png,23dd9c3c5
1145,captcha1145.png,c2f8
1146,captcha1146.png,60dd48
1147,captcha1147.png,5a12
1148,captcha1148.png,812e62
1149,captcha1149.png,bdacd
1150,captcha1150.png,28bf21dbf
1151,captcha1151.png,8a084e
1152,captcha1152.png,6803
1153,captcha1153.png,c08507bb6
1154,captcha1154.png,13426e76
1155,captcha1155.png,4db4e
1156,captcha1156.png,fc7bf1545
1157,captcha1157.png,aa963a
1158,captcha1158.png,639280
1159,captcha1159.png,bf5c2
1160,captcha1160.png,2ba45
1161,captcha1161.png,94c31cb1
1162,captcha1162.png,e185a9
1163,captcha1163.png,6f798d4c
1164,captcha1164.png,e690
1165,captcha1165.png,19c9
1166,captcha1166.png,1b0d2
1167,captcha1167.png,91a572603
1168,captcha1168.png,d8fe5
1169,captcha1169.png,af15dc
1170,captcha1170.png,d0b8
1171,captcha1171.png,44ce470dc
1172,captcha1172.png,bb1f5
1173,captcha1173.png,e7d6ec750
1174,captcha1174.png,6cd88036e
1175,captcha1175.png,1231
1176,captcha1176.png,87b95226
1177,captcha1177.png,f518a22
1178,captcha1178.png,1fb9
1179,captcha1179.png,a1623
1180,captcha1180.png,599571e0d
1181,captcha1181.png,d294c8ce
1182,captcha1182.png,24a8
1183,captcha1183.png,0a2105c2
1184,captcha1184.png,9c0a
1185,captcha1185.png,a7582c45e
1186,captcha1186.png,9c84cd6df
1187,captcha1187.png,f596f
1188,captcha1188.png,bdaf
1189,captcha1189.png,dd2e04abc
1190,captcha1190.png,48cb62f
1191,captcha1191.png,2630e890
1192,captcha1192.png,b739
1193,captcha1193.png,7d432
1194,captcha1194.png,2289403a3
1195,captcha1195.png,3fb5752d
1196,captcha1196.png,f6da8ee4
1197,captcha1197.png,3668fa8
1198,captcha1198.png,4d61a
1199,captcha1199.png,91631158
1200,captcha1200.png,7a42e8c
1201,captcha1201.png,e83251
1202,captcha1202.png,5683291
1203,captcha1203.png,6c876a7
1204,captcha1204.png,ada5314
1205,captcha1205.png,175e
1206,captcha1206.png,1b62182
1207,captcha1207.png,fc8aa
1208,captcha1208.png,a3a2722
1209,captcha1209.png,a145c
1210,captcha1210.png,4025164
1211,captcha1211.png,2f85c7
1212,captcha1212.png,03e94f
1213,captcha1213.png,c47548acd
1214,captcha1214.png,7885e
1215,captcha1215.png,de96e040
1216,captcha1216.png,eeeff21d6
1217,captcha1217.png,4122a
1218,captcha1218.png,349ba2242
1219,captcha1219.png,faad05ba
1220,captcha1220.png,63349cba
1221,captcha1221.png,e3d812265
1222,captcha1222.png,608b
1223,captcha1223.png,2ce55eccf
1224,captcha1224.png,5f3f0709
1225,captcha1225.png,96a8f2
1226,captcha1226.png,01e14bb4
1227,captcha1227.png,5849
1228,captcha1228.png,87288bf
1229,captcha1229.png,2bf85226
1230,captcha1230.png,1ada1
1231,captcha1231.png,4a268
1232,captcha1232.png,36f74bc3f
1233,captcha1233.png,58a847bb
1234,captcha1234.png,52149a2
1235,captcha1235.png,91a3d95b
1236,captcha1236.png,1a80
1237,captcha1237.png,dacda
1238,captcha1238.png,9bffe8703
1239,captcha1239.png,c30582
1240,captcha1240.png,3026
1241,captcha1241.png,1558cc9
1242,captcha1242.png,2baaf
1243,captcha1243.png,04597
1244,captcha1244.png,a83633
1245,captcha1245.png,d286
1246,captcha1246.png,1615ee
1247,captcha1247.png,dc2861492
1248,captcha1248.png,2c157ecc9
1249,captcha1249.png,7afb3
1250,captcha1250.png,f79809
1251,captcha1251.png,c2e4b0f16
1252,captcha1252.png,4f9fa1a4c
1253,captcha1253.png,9bc4a7af3
1254,captcha1254.png,bf1b9dbf7
1255,captcha1255.png,086d65c5
1256,captcha1256.png,43be5e747
1257,captcha1257.png,977aa202
1258,captcha1258.png,9d93
1259,captcha1259.png,8a2869e9
1260,captcha1260.png,8a9b
1261,captcha1261.png,1271
1262,captcha1262.png,92738780
1263,captcha1263.png,a66f8e1
1264,captcha1264.png,8f42bd
1265,captcha1265.png,4071fbb
1266,captcha1266.png,157ae
1267,captcha1267.png,6de2592
1268,captcha1268.png,4acb9ef
1269,captcha1269.png,7830ebc
1270,captcha1270.png,6b4e7
1271,captcha1271.png,6dc845a15
1272,captcha1272.png,f582d6af
1273,captcha1273.png,a851fcd1f
1274,captcha1274.png,eaf354c3
1275,captcha1275.png,9cf61
1276,captcha1276.png,8c0eda3
1277,captcha1277.png,fb54c
1278,captcha1278.png,3168704
1279,captcha1279.png,bcd6940
1280,captcha1280.png,4e11273d4
1281,captcha1281.png,6b89cc6b8
1282,captcha1282.png,a5f7
1283,captcha1283.png,6c95
1284,captcha1284.png,7bc0
1285,captcha1285.png,8442
1286,captcha1286.png,55eb97
1287,captcha1287.png,536f230
1288,captcha1288.png,8caf
1289,captcha1289.png,469c92a9
1290,captcha1290.png,3574ba806
1291,captcha1291.png,ce90ebf1
1292,captcha1292.png,f258f4
1293,captcha1293.png,ca20c84a
1294,captcha1294.png,d82f8b2c
1295,captcha1295.png,3d76186ff
1296,captcha1296.png,4999
1297,captcha1297.png,48355e
1298,captcha1298.png,3e54af61
1299,captcha1299.png,8c346
1300,captcha1300.png,c975f0859
1301,captcha1301.png,f265
1302,captcha1302.png,04817
1303,captcha1303.png,097b00b2
1304,captcha1304.png,6acc255f
1305,captcha1305.png,f0221
1306,captcha1306.png,21c043b
1307,captcha1307.png,119ee92
1308,captcha1308.png,134c333
1309,captcha1309.png,00b2
1310,captcha1310.png,019c
1311,captcha1311.png,4aeb5c1
1312,captcha1312.png,ace25c6e2
1313,captcha1313.png,34cd03
1314,captcha1314.png,78ec800f8
1315,captcha1315.png,6748
1316,captcha1316.png,09695
1317,captcha1317.png,80e201
1318,captcha1318.png,eb4d9ce16
1319,captcha1319.png,2d3733b74
1320,captcha1320.png,cc1b03030
1321,captcha1321.png,4400ad42
1322,captcha1322.png,ea15
1323,captcha1323.png,c1221dbb1
1324,captcha1324.png,a9de
1325,captcha1325.png,2ff91c1bf
1326,captcha1326.png,8cc62
1327,captcha1327.png,c5b9f478
1328,captcha1328.png,8c258dc01
1329,captcha1329.png,1b27754
1330,captcha1330.png,3cc5280
1331,captcha1331.png,6160dd
1332,captcha1332.png,7453ec
1333,captcha1333.png,b239
1334,captcha1334.png,989479
1335,captcha1335.png,ce282c987
1336,captcha1336.png,6bb5082
1337,captcha1337.png,bed3e900
1338,captcha1338.png,5b610e611
1339,captcha1339.png,c849
1340,captcha1340.png,bb191d972
1341,captcha1341.png,729e
1342,captcha1342.png,ad9a
1343,captcha1343.png,56c45a5
1344,captcha1344.png,2be1f1
1345,captcha1345.png,95d480
1346,captcha1346.png,5341670
1347,captcha1347.png,68a36f5c
1348,captcha1348.png,e300036
1349,captcha1349.png,3884a3
1350,captcha1350.png,0d5ce20d8
1351,captcha1351.png,36fe1c
1352,captcha1352.png,12d4ccbe4
1353,captcha1353.png,2dc0ea
1354,captcha1354.png,26e47dca9
1355,captcha1355.png,89bac1c0
1356,captcha1356.png,2462b22a
1357,captcha1357.png,7cbc3
1358,captcha1358.png,06545d2
1359,captcha1359.png,ca035
1360,captcha1360.png,3d01a82a3
1361,captcha1361.png,c64f9e210
1362,captcha1362.png,4e72fe6
1363,captcha1363.png,0f47e5
1364,captcha1364.png,26b8
1365,captcha1365.png,f288
1366,captcha1366.png,d89dd
1367,captcha1367.png,ec381b21
1368,captcha1368.png,8ba895
1369,captcha1369.png,6aaa
1370,captcha1370.png,672b692
1371,captcha1371.png,4ebc68
1372,captcha1372.png,386b
1373,captcha1373.png,703532fff
1374,captcha1374.png,4eae72e45
1375,captcha1375.png,6c77b90
1376,captcha1376.png,2bcd72d9
1377,captcha1377.png,ae2709
1378,captcha1378.png,598537d
1379,captcha1379.png,5f4f4a499
1380,captcha1380.png,af0512ab
1381,captcha1381.png,8a087
1382,captcha1382.png,9d9605f
1383,captcha1383.png,ac47
1384,captcha1384.png,89cb
1385,captcha1385.png,151045c
1386,captcha1386.png,d505
1387,captcha1387.png,0607debd
1388,captcha1388.png,189df
1389,captcha1389.png,bc47
1390,captcha1390.png,e497c
1391,captcha1391.png,da3c
1392,captcha1392.png,d5ec68f
1393,captcha1393.png,5b1d
1394,captcha1394.png,318c6827
1395,captcha1395.png,ec0db0
1396,captcha1396.png,89d0c42aa
1397,captcha1397.png,e25ab645
1398,captcha1398.png,a6ce699ae
1399,captcha1399.png,5cf8
1400,captcha1400.png,b79c3d17d
1401,captcha1401.png,88d817b2d
1402,captcha1402.png,cad37b2
1403,captcha1403.png,c038
1404,captcha1404.png,3e57
1405,captcha1405.png,a3e37c
1406,captcha1406.png,f796
1407,captcha1407.png,334bb6db
1408,captcha1408.png,f1ac8b99
1409,captcha1409.png,7e9691
1410,captcha1410.png,ac2934
1411,captcha1411.png,915c1c63d
1412,captcha1412.png,30a3
1413,captcha1413.png,afc1f03
1414,captcha1414.png,a86cd
1415,captcha1415.png,9f8e41
1416,captcha1416.png,4ba28341
1417,captcha1417.png,4062
1418,captcha1418.png,3ef72
1419,captcha1419.png,fb13a
1420,captcha1420.png,4618
1421,captcha1421.png,dc1036ce5
1422,captcha1422.png,946c67800
1423,captcha1423.png,92757
1424,captcha1424.png,331e3
1425,captcha1425.png,2993673f
1426,captcha1426.png,a926b2cf8
1427,captcha1427.png,11e7e0c1
1428,captcha1428.png,a3ecfd
1429,captcha1429.png,4368447
1430,captcha1430.png,d29794a
1431,captcha1431.png,62ea5c
1432,captcha1432.png,d6831
1433,captcha1433.png,4590c4
1434,captcha1434.png,20d82d9
1435,captcha1435.png,45c7f
1436,captcha1436.png,c084d5d
1437,captcha1437.png,f688
1438,captcha1438.png,b786e57
1439,captcha1439.png,4df2bd52
1440,captcha1440.png,d790833
1441,captcha1441.png,f31b3c
1442,captcha1442.png,f4ab956d
1443,captcha1443.png,915fcc7
1444,captcha1444.png,e72bec3b
1445,captcha1445.png,fb4be3ef
1446,captcha1446.png,2c9a24
1447,captcha1447.png,141e
1448,captcha1448.png,f689
1449,captcha1449.png,01d8950
1450,captcha1450.png,604d35b0
1451,captcha1451.png,fd711ec60
1452,captcha1452.png,4594df
1453,captcha1453.png,33a5a
1454,captcha1454.png,3762158cf
1455,captcha1455.png,4da55
1456,captcha1456.png,3ecef9a9c
1457,captcha1457.png,710a6734
1458,captcha1458.png,8a312
1459,captcha1459.png,c46aa84cf
1460,captcha1460.png,2dfb9d8
1461,captcha1461.png,8ab6d190
1462,captcha1462.png,1890d21
1463,captcha1463.png,b59d5284
1464,captcha1464.png,24093543
1465,captcha1465.png,fc75619a
1466,captcha1466.png,7a95a0040
1467,captcha1467.png,837ba47
1468,captcha1468.png,544d77afc
1469,captcha1469.png,5558d77
1470,captcha1470.png,d70a1
1471,captcha1471.png,7f949
1472,captcha1472.png,316055a0
1473,captcha1473.png,0257
1474,captcha1474.png,4061fc3
1475,captcha1475.png,4a0f144
1476,captcha1476.png,8681
1477,captcha1477.png,1fc1c6ab1
1478,captcha1478.png,f7e10
1479,captcha1479.png,b582c
1480,captcha1480.png,4067b0ca
1481,captcha1481.png,0835d0610
1482,captcha1482.png,f9d2d20
1483,captcha1483.png,d5f34d68c
1484,captcha1484.png,cc88ed999
1485,captcha1485.png,45f0bd605
1486,captcha1486.png,37d2
1487,captcha1487.png,6cc161ba6
1488,captcha1488.png,c3c62
1489,captcha1489.png,fbb02156b
1490,captcha1490.png,38076
1491,captcha1491.png,13e06922a
1492,captcha1492.png,ccb9
1493,captcha1493.png,bcc8
1494,captcha1494.png,c887022
1495,captcha1495.png,a199b
1496,captcha1496.png,dd874bd29
1497,captcha1497.png,c58a8c9f
1498,captcha1498.png,3ceaa2804
1499,captcha1499.png,7fc9
1500,captcha1500.png,429040b69
1501,captcha1501.png,ff45e9f
1502,captcha1502.png,9605
1503,captcha1503.png,f772
1504,captcha1504.png,13b7776e
1505,captcha1505.png,5c7c2adf
1506,captcha1506.png,b0d2787
1507,captcha1507.png,3c6f7cf
1508,captcha1508.png,befa
1509,captcha1509.png,1eaf
1510,captcha1510.png,99267
1511,captcha1511.png,c64648ce
1512,captcha1512.png,872e130
1513,captcha1513.png,c0be08
1514,captcha1514.png,10427e
1515,captcha1515.png,ec54e1ec6
1516,captcha1516.png,e1d6ce6
1517,captcha1517.png,34a7
1518,captcha1518.png,e4db3580
1519,captcha1519.png,f8b0
1520,captcha1520.png,a2e71
1521,captcha1521.png,55902fe2
1522,captcha1522.png,e6bc8e
1523,captcha1523.png,e6352e7
1524,captcha1524.png,c0c09
1525,captcha1525.png,377f7a
1526,captcha1526.png,8ee2ab10a
1527,captcha1527.png,dc05ba6bd
1528,captcha1528.png,c824
1529,captcha1529.png,6d891d59
1530,captcha1530.png,93d3be
1531,captcha1531.png,eb652
1532,captcha1532.png,914cd3
1533,captcha1533.png,7424e
1534,captcha1534.png,ad010458
1535,captcha1535.png,9926e8c
1536,captcha1536.png,287c5b0
1537,captcha1537.png,cc1d4
1538,captcha1538.png,3fbbb7
1539,captcha1539.png,0e063
1540,captcha1540.png,5e24a0
1541,captcha1541.png,48b7f
1542,captcha1542.png,c73131
1543,captcha1543.png,66ec
1544,captcha1544.png,7f09a017
1545,captcha1545.png,cd7e
1546,captcha1546.png,dbc3a48c1
1547,captcha1547.png,dcfc93b0
1548,captcha1548.png,3555a6c
1549,captcha1549.png,bd7d0a4
1550,captcha1550.png,4467520
1551,captcha1551.png,3501954
1552,captcha1552.png,ff09e1c6
1553,captcha1553.png,4ef4
1554,captcha1554.png,30a96d44b
1555,captcha1555.png,ea3a
1556,captcha1556.png,59471c
1557,captcha1557.png,128b8032
1558,captcha1558.png,705d15751
1559,captcha1559.png,d58a06bc6
1560,captcha1560.png,1d1312
1561,captcha1561.png,123ba4ce
1562,captcha1562.png,2442fd
1563,captcha1563.png,b2f0bd
1564,captcha1564.png,a735f6ca
1565,captcha1565.png,e4943e701
1566,captcha1566.png,2cc5
1567,captcha1567.png,b83f
1568,captcha1568.png,41e5dad
1569,captcha1569.png,7c9b
1570,captcha1570.png,4026c
1571,captcha1571.png,05a75db
1572,captcha1572.png,4e605318e
1573,captcha1573.png,c5ca0b0
1574,captcha1574.png,1b61c6da
1575,captcha1575.png,83eb8358
1576,captcha1576.png,f25c01e
1577,captcha1577.png,30ea43a55
1578,captcha1578.png,e447
1579,captcha1579.png,9494fc
1580,captcha1580.png,fd0fcb13
1581,captcha1581.png,3ef1b
1582,captcha1582.png,a17144c3a
1583,captcha1583.png,acaaf22
1584,captcha1584.png,6732ad0
1585,captcha1585.png,71833985
1586,captcha1586.png,726d753a
1587,captcha1587.png,3b34119f8
1588,captcha1588.png,27115
1589,captcha1589.png,3eb798
1590,captcha1590.png,d336
1591,captcha1591.png,02df41ed3
1592,captcha1592.png,485e
1593,captcha1593.png,075071
1594,captcha1594.png,7a14b314a
1595,captcha1595.png,cf68ff83
1596,captcha1596.png,8e4f2
1597,captcha1597.png,f838
1598,captcha1598.png,a155100f
1599,captcha1599.png,1c48
1600,captcha1600.png,19146
1601,captcha1601.png,7c5f12576
1602,captcha1602.png,40a1b3
1603,captcha1603.png,c1afc
1604,captcha1604.png,457e
1605,captcha1605.png,b551ff
1606,captcha1606.png,d3041490
1607,captcha1607.png,7a0d61
1608,captcha1608.png,5e832
1609,captcha1609.png,a0e0
1610,captcha1610.png,9a4f
1611,captcha1611.png,1f939
1612,captcha1612.png,cca3c
1613,captcha1613.png,d24a
1614,captcha1614.png,414d985
1615,captcha1615.png,16d05
1616,captcha1616.png,3eb73a
1617,captcha1617.png,8e8972a8
1618,captcha1618.png,4cd0c99
1619,captcha1619.png,b9f9c7
1620,captcha1620.png,bf39a7
1621,captcha1621.png,761a37
1622,captcha1622.png,53279846
1623,captcha1623.png,0f795
1624,captcha1624.png,15e9e
1625,captcha1625.png,d08647b
1626,captcha1626.png,8c091072a
1627,captcha1627.png,a430ea437
1628,captcha1628.png,923dc
1629,captcha1629.png,1df28
1630,captcha1630.png,916df514
1631,captcha1631.png,fca2f
1632,captcha1632.png,9d428562d
1633,captcha1633.png,8e59bd53
1634,captcha1634.png,692f4
1635,captcha1635.png,3beb4
1636,captcha1636.png,5c5058d8f
1637,captcha1637.png,c5372
1638,captcha1638.png,6cc3b02d
1639,captcha1639.png,baf83b8
1640,captcha1640.png,7aabeb
1641,captcha1641.png,6f691cbd
1642,captcha1642.png,52ad1f10
1643,captcha1643.png,0f1760
1644,captcha1644.png,eaa961
1645,captcha1645.png,e8c98d
1646,captcha1646.png,7fbcda
1647,captcha1647.png,03ef0bd9
1648,captcha1648.png,c0d801a
1649,captcha1649.png,2c305
1650,captcha1650.png,269b5931
1651,captcha1651.png,c4fa0c75
1652,captcha1652.png,79612c3
1653,captcha1653.png,da6f
1654,captcha1654.png,49baeea08
1655,captcha1655.png,51d6c91
1656,captcha1656.png,c170cc82e
1657,captcha1657.png,876af
1658,captcha1658.png,9837
1659,captcha1659.png,8a1b536
1660,captcha1660.png,840805fdc
1661,captcha1661.png,1d00d6
1662,captcha1662.png,404847788
1663,captcha1663.png,94cbe8
1664,captcha1664.png,0167
1665,captcha1665.png,980d0bf62
1666,captcha1666.png,538a3
1667,captcha1667.png,dd3f0
1668,captcha1668.png,0ea87881
1669,captcha1669.png,06270
1670,captcha1670.png,4b0cd0f0b
1671,captcha1671.png,c16db1a8b
1672,captcha1672.png,1ec0dd45
1673,captcha1673.png,64ade7b2
1674,captcha1674.png,7d9dd
1675,captcha1675.png,1ccaa502d
1676,captcha1676.png,c71f5d4
1677,captcha1677.png,d7b4efc
1678,captcha1678.png,ce70f
1679,captcha1679.png,a4e8
1680,captcha1680.png,91c9d1a1a
1681,captcha1681.png,bafa
1682,captcha1682.png,56cfbe
1683,captcha1683.png,98c79
1684,captcha1684.png,801485a5
1685,captcha1685.png,067cdbf04
1686,captcha1686.png,c65a
1687,captcha1687.png,03c022f5
1688,captcha1688.png,6f11b
1689,captcha1689.png,d06097bd7
1690,captcha1690.png,e3c5
1691,captcha1691.png,2a7f6940
1692,captcha1692.png,fe2cf651a
1693,captcha1693.png,cc987c5
1694,captcha1694.png,fd309f83
1695,captcha1695.png,33d859c4c
1696,captcha1696.png,7a2c8f2be
1697,captcha1697.png,3060a5
1698,captcha1698.png,857e561f
1699,captcha1699.png,419b2cdc8
1700,captcha1700.png,2707cae
1701,captcha1701.png,67b52e29
1702,captcha1702.png,88a8
1703,captcha1703.png,934fa4
1704,captcha1704.png,d1d2
1705,captcha1705.png,c6c071c0
1706,captcha1706.png,85c18e
1707,captcha1707.png,440b2
1708,captcha1708.png,a2ed33c6
1709,captcha1709.png,85562726
1710,captcha1710.png,e785ba
1711,captcha1711.png,c21bd9
1712,captcha1712.png,6ab8945c8
1713,captcha1713.png,bbea81
1714,captcha1714.png,e9facac
1715,captcha1715.png,c20ff5f7
1716,captcha1716.png,5a5b
1717,captcha1717.png,e7a4721c7
1718,captcha1718.png,c7e2
1719,captcha1719.png,213ac
1720,captcha1720.png,f832
1721,captcha1721.png,4762fa362
1722,captcha1722.png,2face6
1723,captcha1723.png,eae7d4
1724,captcha1724.png,c8af1ecb
1725,captcha1725.png,be7c5
1726,captcha1726.png,387891
1727,captcha1727.png,4c13477
1728,captcha1728.png,a8fea0fc
1729,captcha1729.png,3355
1730,captcha1730.png,b4f93
1731,captcha1731.png,4cae
1732,captcha1732.png,f66afac03
1733,captcha1733.png,9ad7ac25
1734,captcha1734.png,2e187f2
1735,captcha1735.png,cc2ef661
1736,captcha1736.png,e79dff
1737,captcha1737.png,a961c36
1738,captcha1738.png,3df7
1739,captcha1739.png,596c8f81
1740,captcha1740.png,6fe5034ac
1741,captcha1741.png,5b99a231
1742,captcha1742.png,38c9
1743,captcha1743.png,4405
1744,captcha1744.png,5a4a
1745,captcha1745.png,dad00
1746,captcha1746.png,bc665640
1747,captcha1747.png,129c0ce
1748,captcha1748.png,bbe20fe
1749,captcha1749.png,727e4
1750,captcha1750.png,4d2460a92
1751,captcha1751.png,40bc61
1752,captcha1752.png,15b236
1753,captcha1753.png,ecfa7
1754,captcha1754.png,1880cfac0
1755,captcha1755.png,b8c281
1756,captcha1756.png,c6fc
1757,captcha1757.png,5a4e
1758,captcha1758.png,1c45
1759,captcha1759.png,7d9d1
1760,captcha1760.png,19d0f
1761,captcha1761.png,24b6ff3
1762,captcha1762.png,123f3fb2d
1763,captcha1763.png,ffbd5
1764,captcha1764.png,5892
1765,captcha1765.png,ccee36
1766,captcha1766.png,5657f2
1767,captcha1767.png,d3f4181aa
1768,captcha1768.png,94bec323
1769,captcha1769.png,fe5b175a
1770,captcha1770.png,451de7
1771,captcha1771.png,ca86807c
1772,captcha1772.png,d5478ae2c
1773,captcha1773.png,9d89
1774,captcha1774.png,7a85a
1775,captcha1775.png,925f1
1776,captcha1776.png,251c9
1777,captcha1777.png,1109c5
1778,captcha1778.png,2840fa33f
1779,captcha1779.png,24363a
1780,captcha1780.png,8142
1781,captcha1781.png,3fc858
1782,captcha1782.png,8cbc9
1783,captcha1783.png,0a8a
1784,captcha1784.png,5034d9216
1785,captcha1785.png,bbe29ae
1786,captcha1786.png,f86208f84
1787,captcha1787.png,dc19c8d6
1788,captcha1788.png,c80f6
1789,captcha1789.png,85fb
1790,captcha1790.png,62eaa991d
1791,captcha1791.png,ad7dfbe68
1792,captcha1792.png,6e5e1e11
1793,captcha1793.png,fa1f7
1794,captcha1794.png,476557
1795,captcha1795.png,4f2d4e
1796,captcha1796.png,7bf4b7d
1797,captcha1797.png,a2371a
1798,captcha1798.png,44c6
1799,captcha1799.png,69381e8be
1800,captcha1800.png,a72ad5ca
1801,captcha1801.png,8a1282d75
1802,captcha1802.png,758fb9001
1803,captcha1803.png,799ba
1804,captcha1804.png,29239
1805,captcha1805.png,4472
1806,captcha1806.png,2f7fb
1807,captcha1807.png,52aae2
1808,captcha1808.png,8bb68416
1809,captcha1809.png,6738
1810,captcha1810.png,87581
1811,captcha1811.png,93ce0
1812,captcha1812.png,57bb9
1813,captcha1813.png,20a6f
1814,captcha1814.png,9dbbe2
1815,captcha1815.png,b86e4
1816,captcha1816.png,e7c5fdd
1817,captcha1817.png,937ac49
1818,captcha1818.png,04416c26
1819,captcha1819.png,61df
1820,captcha1820.png,fc27cd2
1821,captcha1821.png,5965c7a
1822,captcha1822.png,b09108be0
1823,captcha1823.png,4666
1824,captcha1824.png,fe77
1825,captcha1825.png,45f021
1826,captcha1826.png,4acbb0e
1827,captcha1827.png,b2b56cc5
1828,captcha1828.png,c2b2b89aa
1829,captcha1829.png,faf6
1830,captcha1830.png,676798
1831,captcha1831.png,13e58ff3a
1832,captcha1832.png,ca480278
1833,captcha1833.png,463366d
1834,captcha1834.png,7cdbc
1835,captcha1835.png,f40b070
1836,captcha1836.png,a95339f
1837,captcha1837.png,4a76b8
1838,captcha1838.png,053a4858a
1839,captcha1839.png,d04c78de4
1840,captcha1840.png,fe543e601
1841,captcha1841.png,aa3b0d406
1842,captcha1842.png,b8cbade
1843,captcha1843.png,b377966bf
1844,captcha1844.png,cd1995ec3
1845,captcha1845.png,c4f97
1846,captcha1846.png,704b36f0
1847,captcha1847.png,e0f56a3f6
1848,captcha1848.png,1a49f75e0
1849,captcha1849.png,619b
1850,captcha1850.png,c99e226
1851,captcha1851.png,0bfe5
1852,captcha1852.png,51fedc
1853,captcha1853.png,488db
1854,captcha1854.png,9318e
1855,captcha1855.png,a49c5b
1856,captcha1856.png,b6c4e4bb
1857,captcha1857.png,425a
1858,captcha1858.png,87a6
1859,captcha1859.png,b754d7fbb
1860,captcha1860.png,a89c411
1861,captcha1861.png,815a4
1862,captcha1862.png,c5be
1863,captcha1863.png,860d4fc9
1864,captcha1864.png,c43640c
1865,captcha1865.png,4941
1866,captcha1866.png,2dabcd
1867,captcha1867.png,bb144
1868,captcha1868.png,636793163
1869,captcha1869.png,3e4ee
1870,captcha1870.png,e2d46ad0
1871,captcha1871.png,7b02c287b
1872,captcha1872.png,6361e
1873,captcha1873.png,c5a48
1874,captcha1874.png,4f538a89d
1875,captcha1875.png,828dafe
1876,captcha1876.png,076a
1877,captcha1877.png,2a2bbeb
1878,captcha1878.png,955a31
1879,captcha1879.png,19c0b73
1880,captcha1880.png,28d484d43
1881,captcha1881.png,0686e9
1882,captcha1882.png,8112
1883,captcha1883.png,d1bd05d00
1884,captcha1884.png,c12c01e
1885,captcha1885.png,5a87
1886,captcha1886.png,f52ec9b
1887,captcha1887.png,56a2871
1888,captcha1888.png,25c750be
1889,captcha1889.png,d7c6
1890,captcha1890.png,ec37d15
1891,captcha1891.png,4be58b29
1892,captcha1892.png,99c1c1b
1893,captcha1893.png,7e9a
1894,captcha1894.png,412a44ca
1895,captcha1895.png,7a4747
1896,captcha1896.png,ce4ae4d
1897,captcha1897.png,e6cd
1898,captcha1898.png,8770
1899,captcha1899.png,6c93b59
1900,captcha1900.png,eb035fb
1901,captcha1901.png,2c465
1902,captcha1902.png,f0a47
1903,captcha1903.png,b44aa8c
1904,captcha1904.png,a864
1905,captcha1905.png,eada5110e
1906,captcha1906.png,b737325
1907,captcha1907.png,a35cc
1908,captcha1908.png,d346b0f
1909,captcha1909.png,5b77973cc
1910,captcha1910.png,029456e9f
1911,captcha1911.png,fa7e
1912,captcha1912.png,ec76ec
1913,captcha1913.png,30887c3a
1914,captcha1914.png,e3a121c
1915,captcha1915.png,3b0cc26
1916,captcha1916.png,bc1ef7211
1917,captcha1917.png,9688bbe
1918,captcha1918.png,91c13b
1919,captcha1919.png,11b1f
1920,captcha1920.png,476e11
1921,captcha1921.png,fa027
1922,captcha1922.png,6e24be
1923,captcha1923.png,7b99e
1924,captcha1924.png,3986d
1925,captcha1925.png,58afc
1926,captcha1926.png,1dfdefad
1927,captcha1927.png,8a5eb65
1928,captcha1928.png,6a3a
1929,captcha1929.png,2b9637
1930,captcha1930.png,aba3e6e2
1931,captcha1931.png,55858b2
1932,captcha1932.png,6092
1933,captcha1933.png,30aab94
1934,captcha1934.png,e3c5b
1935,captcha1935.png,2abe
1936,captcha1936.png,07d71cb7e
1937,captcha1937.png,d72c
1938,captcha1938.png,f8464
1939,captcha1939.png,f425b88
1940,captcha1940.png,be9e
1941,captcha1941.png,d85305
1942,captcha1942.png,1725148
1943,captcha1943.png,a56a409
1944,captcha1944.png,2de3e5c
1945,captcha1945.png,d93655f1
1946,captcha1946.png,a495031a
1947,captcha1947.png,1271
1948,captcha1948.png,ab3b717dc
1949,captcha1949.png,1fe6f12
1950,captcha1950.png,59598
1951,captcha1951.png,63ade
1952,captcha1952.png,4485
1953,captcha1953.png,3ec8
1954,captcha1954.png,becd9fd8d
1955,captcha1955.png,dfd8a48
1956,captcha1956.png,edf6fe
1957,captcha1957.png,f88f
1958,captcha1958.png,0ae3e
1959,captcha1959.png,dbd85
1960,captcha1960.png,79d800
1961,captcha1961.png,a7acf6e15
1962,captcha1962.png,28c95
1963,captcha1963.png,6487
1964,captcha1964.png,c905e
1965,captcha1965.png,b8d6
1966,captcha1966.png,54a6e12c8
1967,captcha1967.png,65be4fddc
1968,captcha1968.png,3d1a
1969,captcha1969.png,19bb2c
1970,captcha1970.png,0aa3337bd
1971,captcha1971.png,15c290
1972,captcha1972.png,baba4
1973,captcha1973.png,0b531
1974,captcha1974.png,5ee0c3d
1975,captcha1975.png,e883c7e
1976,captcha1976.png,a3bad96
1977,captcha1977.png,583813
1978,captcha1978.png,5423
1979,captcha1979.png,8f470344
1980,captcha1980.png,5b1a0c7
1981,captcha1981.png,c3f5b5
1982,captcha1982.png,a1835f4
1983,captcha1983.png,1354488ea
1984,captcha1984.png,b6008
1985,captcha1985.png,452754
1986,captcha1986.png,a00073
1987,captcha1987.png,65e9d3f
1988,captcha1988.png,1210b51
1989,captcha1989.png,80af
1990,captcha1990.png,6d93
1991,captcha1991.png,ff7a92fef
1992,captcha1992.png,b450ed
1993,captcha1993.png,f910
1994,captcha1994.png,d257c99
1995,captcha1995.png,7175ce
1996,captcha1996.png,eedc0f53
1997,captcha1997.png,5cea
1998,captcha1998.png,bf66
1999,captcha1999.png,37ac68eea
2000,captcha2000.png,ce8e8b
2001,captcha2001.png,6963a
2002,captcha2002.png,3f674
2003,captcha2003.png,a9dafed
2004,captcha2004.png,672bb60d7
2005,captcha2005.png,41f81be0
2006,captcha2006.png,d1572
2007,captcha2007.png,93e2
2008,captcha2008.png,24d243aeb
2009,captcha2009.png,5a71
2010,captcha2010.png,8b1e1c
2011,captcha2011.png,b1bfa
2012,captcha2012.png,04a7d
2013,captcha2013.png,35ce6f
2014,captcha2014.png,67e00
2015,captcha2015.png,5d03810
2016,captcha2016.png,e65906e
2017,captcha2017.png,ee07
2018,captcha2018.png,9abb2c184
2019,captcha2019.png,c658c32
2020,captcha2020.png,a141
2021,captcha2021.png,ec28f12
2022,captcha2022.png,b821
2023,captcha2023.png,89bf9f56
2024,captcha2024.png,fbe18e4
2025,captcha2025.png,2307d
2026,captcha2026.png,e27b7e4
2027,captcha2027.png,fe7d77
2028,captcha2028.png,d6a249193
2029,captcha2029.png,3547a
2030,captcha2030.png,deea3a5
2031,captcha2031.png,9536
2032,captcha2032.png,0a78a8891
2033,captcha2033.png,aaed
2034,captcha2034.png,5d02
2035,captcha2035.png,3b0cf
2036,captcha2036.png,33dccf6b
2037,captcha2037.png,4b980b
2038,captcha2038.png,4f5214d12
2039,captcha2039.png,be832a
2040,captcha2040.png,383bfa9e
2041,captcha2041.png,1edcb8e
2042,captcha2042.png,b1ee90
2043,captcha2043.png,fc59ad99
2044,captcha2044.png,89dfad8
2045,captcha2045.png,dc10a27ea
2046,captcha2046.png,548edc63f
2047,captcha2047.png,a88c60
2048,captcha2048.png,5bb4
2049,captcha2049.png,606307
2050,captcha2050.png,ce6e
2051,captcha2051.png,9c481
2052,captcha2052.png,c345384c
2053,captcha2053.png,32fa
2054,captcha2054.png,d6b916780
2055,captcha2055.png,588892
2056,captcha2056.png,56aa84a0b
2057,captcha2057.png,7477
2058,captcha2058.png,3020
2059,captcha2059.png,28ce5c99
2060,captcha2060.png,a1dfbd
2061,captcha2061.png,1f41
2062,captcha2062.png,b25e91b
2063,captcha2063.png,c47102
2064,captcha2064.png,bf79dd
2065,captcha2065.png,691cbd1bc
2066,captcha2066.png,7483348
2067,captcha2067.png,ffa28e901
2068,captcha2068.png,06c7fc5
2069,captcha2069.png,096f
2070,captcha2070.png,b5a5eb
2071,captcha2071.png,7587c
2072,captcha2072.png,ea8abb72
2073,captcha2073.png,c97dcc
2074,captcha2074.png,8851
2075,captcha2075.png,966eed
2076,captcha2076.png,fa4011
2077,captcha2077.png,b669
2078,captcha2078.png,39a5ea71e
2079,captcha2079.png,73a1a7
2080,captcha2080.png,0097dc
2081,captcha2081.png,061c09
2082,captcha2082.png,be31a8965
2083,captcha2083.png,f94951
2084,captcha2084.png,bc86adf
2085,captcha2085.png,b060a
2086,captcha2086.png,ffc645a
2087,captcha2087.png,1b6c
2088,captcha2088.png,3a624a58
2089,captcha2089.png,959625c4
2090,captcha2090.png,4b1a84814
2091,captcha2091.png,622f757
2092,captcha2092.png,b89b3d
2093,captcha2093.png,7847fc
2094,captcha2094.png,6838
2095,captcha2095.png,66de859a
2096,captcha2096.png,dfa8b012
2097,captcha2097.png,3421fdd5
2098,captcha2098.png,962825023
2099,captcha2099.png,6f826c
2100,captcha2100.png,d5da65
2101,captcha2101.png,d52b12
2102,captcha2102.png,938159e
2103,captcha2103.png,13b254
2104,captcha2104.png,f2815
2105,captcha2105.png,68988b3e
2106,captcha2106.png,b96fb8a6
2107,captcha2107.png,f2f90476
2108,captcha2108.png,8c5d
2109,captcha2109.png,5914dfb05
2110,captcha2110.png,a7a52
2111,captcha2111.png,e10bd
2112,captcha2112.png,bd3299f
2113,captcha2113.png,1019ab03
2114,captcha2114.png,3438b8139
2115,captcha2115.png,5a86
2116,captcha2116.png,8976259
2117,captcha2117.png,e3fab2
2118,captcha2118.png,21ba633e5
2119,captcha2119.png,8b7bb
2120,captcha2120.png,1a19dc
2121,captcha2121.png,783f
2122,captcha2122.png,d599434
2123,captcha2123.png,0cd079981
2124,captcha2124.png,782c92606
2125,captcha2125.png,3efb023
2126,captcha2126.png,cc1b7
2127,captcha2127.png,9b4ce8c6
2128,captcha2128.png,474328
2129,captcha2129.png,a334
2130,captcha2130.png,14d6dbb
2131,captcha2131.png,c956
2132,captcha2132.png,3f2e
2133,captcha2133.png,8d6541754
2134,captcha2134.png,11024
2135,captcha2135.png,f3ef9
2136,captcha2136.png,cdf07f
2137,captcha2137.png,76927ff1b
2138,captcha2138.png,98abb03d
2139,captcha2139.png,c103bf
2140,captcha2140.png,f26b
2141,captcha2141.png,d42d99ce3
2142,captcha2142.png,55367e1
2143,captcha2143.png,770827098
2144,captcha2144.png,2e8c
2145,captcha2145.png,4289385ee
2146,captcha2146.png,5979aa2c
2147,captcha2147.png,2eef7b
2148,captcha2148.png,727702
2149,captcha2149.png,d7e60a9e
2150,captcha2150.png,cce073e2
2151,captcha2151.png,a08ee70
2152,captcha2152.png,0024e904b
2153,captcha2153.png,9517f6
2154,captcha2154.png,e7859ddd6
2155,captcha2155.png,0472a1
2156,captcha2156.png,a14b702
2157,captcha2157.png,b0ee1b
2158,captcha2158.png,f5b0cf13c
2159,captcha2159.png,cb632562
2160,captcha2160.png,27d20b8b
2161,captcha2161.png,a0ce6e97
2162,captcha2162.png,8b0a
2163,captcha2163.png,2aba
2164,captcha2164.png,fc09023
2165,captcha2165.png,cdde2f5
2166,captcha2166.png,58ce
2167,captcha2167.png,05e261629
2168,captcha2168.png,c38ba1d
2169,captcha2169.png,98504
2170,captcha2170.png,1c0f9
2171,captcha2171.png,002e9c
2172,captcha2172.png,0cbd
2173,captcha2173.png,eef08e
2174,captcha2174.png,4cee07f
2175,captcha2175.png,0d1a0f211
2176,captcha2176.png,4059
2177,captcha2177.png,52e568c6a
2178,captcha2178.png,57e8f25
2179,captcha2179.png,014c82
2180,captcha2180.png,2b1199f28
2181,captcha2181.png,e48a202
2182,captcha2182.png,03c9
2183,captcha2183.png,b8af47c44
2184,captcha2184.png,d417128c
2185,captcha2185.png,02f5a196
2186,captcha2186.png,422b446
2187,captcha2187.png,88fb1b
2188,captcha2188.png,a15b9a
2189,captcha2189.png,79d05e0ab
2190,captcha2190.png,4d01
2191,captcha2191.png,5b585f
2192,captcha2192.png,8b92
2193,captcha2193.png,1ab8
2194,captcha2194.png,c178
2195,captcha2195.png,a657a0
2196,captcha2196.png,5bac276
2197,captcha2197.png,a0e6620f2
2198,captcha2198.png,166572
2199,captcha2199.png,65f54
2200,captcha2200.png,2aabb4
2201,captcha2201.png,946852681
2202,captcha2202.png,4adbb27a8
2203,captcha2203.png,5888c9
2204,captcha2204.png,b964
2205,captcha2205.png,db7c1ac6a
2206,captcha2206.png,b9df
2207,captcha2207.png,bc7002b
2208,captcha2208.png,bd13
2209,captcha2209.png,677fc6d8e
2210,captcha2210.png,b2b3
2211,captcha2211.png,d8a56ff73
2212,captcha2212.png,7439e
2213,captcha2213.png,ab65
2214,captcha2214.png,df00c92c
2215,captcha2215.png,dc279ea94
2216,captcha2216.png,67c22
2217,captcha2217.png,407608d35
2218,captcha2218.png,dd9b43d7
2219,captcha2219.png,b255c08
2220,captcha2220.png,91ca0
2221,captcha2221.png,64057349
2222,captcha2222.png,36a93
2223,captcha2223.png,1f684dfe9
2224,captcha2224.png,7ac27b8e
2225,captcha2225.png,fddf9
2226,captcha2226.png,801a2a1
2227,captcha2227.png,b7d0caf
2228,captcha2228.png,676aa9
2229,captcha2229.png,f952
2230,captcha2230.png,6fb46e43
2231,captcha2231.png,ba8eb9
2232,captcha2232.png,91d431341
2233,captcha2233.png,0cc68e
2234,captcha2234.png,bb7459
2235,captcha2235.png,f12cf4b
2236,captcha2236.png,ac7610e9c
2237,captcha2237.png,e10adfc
2238,captcha2238.png,1fb41c4
2239,captcha2239.png,27604
2240,captcha2240.png,a41b3f8
2241,captcha2241.png,07f62
2242,captcha2242.png,31c35
2243,captcha2243.png,2b7933b
2244,captcha2244.png,46875c
2245,captcha2245.png,6713ce
2246,captcha2246.png,959b
2247,captcha2247.png,6eb3c7e7
2248,captcha2248.png,193b
2249,captcha2249.png,b5a76a
2250,captcha2250.png,220e1b69
2251,captcha2251.png,1a90fc
2252,captcha2252.png,51613c
2253,captcha2253.png,b572
2254,captcha2254.png,b0a3db1
2255,captcha2255.png,a99cf0
2256,captcha2256.png,6a04ec4
2257,captcha2257.png,e5854a853
2258,captcha2258.png,a2dd1f39
2259,captcha2259.png,08f14a6d
2260,captcha2260.png,b9d3b18
2261,captcha2261.png,bf88d6
2262,captcha2262.png,7afdb
2263,captcha2263.png,bfbc363
2264,captcha2264.png,adb648b8
2265,captcha2265.png,ff0d00368
2266,captcha2266.png,7c7412c84
2267,captcha2267.png,460f6c
2268,captcha2268.png,f52a2
2269,captcha2269.png,0ac9b6
2270,captcha2270.png,99a5f
2271,captcha2271.png,0bfba237a
2272,captcha2272.png,bb347bf4
2273,captcha2273.png,9b6d680b
2274,captcha2274.png,b416
2275,captcha2275.png,0fc1dcc1f
2276,captcha2276.png,65d27b7
2277,captcha2277.png,372e5a
2278,captcha2278.png,77d4c695
2279,captcha2279.png,c93f40
2280,captcha2280.png,0297
2281,captcha2281.png,e62d3666f
2282,captcha2282.png,c435
2283,captcha2283.png,aaa1fe0
2284,captcha2284.png,e21d37
2285,captcha2285.png,3e0b8
2286,captcha2286.png,11ee2b5d
2287,captcha2287.png,1452742
2288,captcha2288.png,633bf
2289,captcha2289.png,28742
2290,captcha2290.png,4fc1e5f
2291,captcha2291.png,07c86
2292,captcha2292.png,27c9a99
2293,captcha2293.png,59e65272
2294,captcha2294.png,40dca219a
2295,captcha2295.png,8319
2296,captcha2296.png,ad93e58
2297,captcha2297.png,3e9b
2298,captcha2298.png,5c6061ddc
2299,captcha2299.png,d0fb
2300,captcha2300.png,b4a0d248
2301,captcha2301.png,05a292a6
2302,captcha2302.png,88fd1e87c
2303,captcha2303.png,fc26ed395
2304,captcha2304.png,e6be1a203
2305,captcha2305.png,017b46
2306,captcha2306.png,3e16
2307,captcha2307.png,ed70b3
2308,captcha2308.png,fc476e952
2309,captcha2309.png,58448187
2310,captcha2310.png,014878ef3
2311,captcha2311.png,69f8c4
2312,captcha2312.png,272d
2313,captcha2313.png,f53d2
2314,captcha2314.png,7cb39
2315,captcha2315.png,408a83eb9
2316,captcha2316.png,5a0ee9058
2317,captcha2317.png,8feb
2318,captcha2318.png,d3d797b45
2319,captcha2319.png,3655f968
2320,captcha2320.png,9a702
2321,captcha2321.png,b49ccc
2322,captcha2322.png,e6cef7c
2323,captcha2323.png,155a0feb
2324,captcha2324.png,2a2e
2325,captcha2325.png,c6f21066d
2326,captcha2326.png,9f0fa
2327,captcha2327.png,dedf2b94
2328,captcha2328.png,35952ef9
2329,captcha2329.png,6221c
2330,captcha2330.png,982c
2331,captcha2331.png,59aa0649
2332,captcha2332.png,6c93
2333,captcha2333.png,d15e
2334,captcha2334.png,25edb94
2335,captcha2335.png,3b352f
2336,captcha2336.png,d765
2337,captcha2337.png,136619baf
2338,captcha2338.png,664c04e50
2339,captcha2339.png,eca9
2340,captcha2340.png,3254c778
2341,captcha2341.png,bad9ebbde
2342,captcha2342.png,b6f26
2343,captcha2343.png,4e89
2344,captcha2344.png,1cb6
2345,captcha2345.png,9140e
2346,captcha2346.png,7e7c8
2347,captcha2347.png,0a558a
2348,captcha2348.png,41da9831
2349,captcha2349.png,c65bd
2350,captcha2350.png,224e0aed5
2351,captcha2351.png,788bd
2352,captcha2352.png,37d632c4e
2353,captcha2353.png,618320e9
2354,captcha2354.png,1e28819
2355,captcha2355.png,bd69
2356,captcha2356.png,dff4e
2357,captcha2357.png,444e134
2358,captcha2358.png,3061d3e
2359,captcha2359.png,16169
2360,captcha2360.png,3af32
2361,captcha2361.png,d022e0e0a
2362,captcha2362.png,5e0facd
2363,captcha2363.png,77de95
2364,captcha2364.png,9e9d32305
2365,captcha2365.png,30d1ef9
2366,captcha2366.png,b50eca
2367,captcha2367.png,fbc36fe
2368,captcha2368.png,f6599
2369,captcha2369.png,2d1edae
2370,captcha2370.png,98633
2371,captcha2371.png,5c109
2372,captcha2372.png,1a6b3a6
2373,captcha2373.png,aeb135bb0
2374,captcha2374.png,ea18c
2375,captcha2375.png,e55c2e
2376,captcha2376.png,be69efb
2377,captcha2377.png,988c4b05
2378,captcha2378.png,bc9c88c
2379,captcha2379.png,b871d73a
2380,captcha2380.png,14f19
2381,captcha2381.png,1b3e62
2382,captcha2382.png,d82d8fac3
2383,captcha2383.png,b7ac0347d
2384,captcha2384.png,a9eaef
2385,captcha2385.png,433a6
2386,captcha2386.png,2954
2387,captcha2387.png,bfae7
2388,captcha2388.png,2b16326e
2389,captcha2389.png,c3b6a327
2390,captcha2390.png,1184c04
2391,captcha2391.png,ef3e
2392,captcha2392.png,5bf81fb
2393,captcha2393.png,31c19b5
2394,captcha2394.png,e5fb6
2395,captcha2395.png,b3521878
2396,captcha2396.png,41cdaa127
2397,captcha2397.png,749ec2c78
2398,captcha2398.png,80c8b
2399,captcha2399.png,174dd9ab6
2400,captcha2400.png,1392
2401,captcha2401.png,0dbd1
2402,captcha2402.png,9276
2403,captcha2403.png,7ee23054
2404,captcha2404.png,ac1b883
2405,captcha2405.png,304b795
2406,captcha2406.png,91af
2407,captcha2407.png,c5ef56
2408,captcha2408.png,c361089fc
2409,captcha2409.png,582d9f
2410,captcha2410.png,40258da
2411,captcha2411.png,075ba
2412,captcha2412.png,395dc
2413,captcha2413.png,05578c495
2414,captcha2414.png,a9f447
2415,captcha2415.png,435add7a
2416,captcha2416.png,058ba5
2417,captcha2417.png,d5eac
2418,captcha2418.png,33eb
2419,captcha2419.png,07ed8aa
2420,captcha2420.png,0622532f3
2421,captcha2421.png,d1ef
2422,captcha2422.png,55f1ea
2423,captcha2423.png,4d433
2424,captcha2424.png,9758081f
2425,captcha2425.png,df2de
2426,captcha2426.png,caa408
2427,captcha2427.png,1e882e
2428,captcha2428.png,cfd4d
2429,captcha2429.png,2bea
2430,captcha2430.png,acd7fb59a
2431,captcha2431.png,ecfeb9c7
2432,captcha2432.png,f83465d
2433,captcha2433.png,0b568c70
2434,captcha2434.png,1c19e
2435,captcha2435.png,0e42106
2436,captcha2436.png,e553c
2437,captcha2437.png,171e8
2438,captcha2438.png,3daa2
2439,captcha2439.png,8daa6
2440,captcha2440.png,0430a11
2441,captcha2441.png,2455
2442,captcha2442.png,ecae87
2443,captcha2443.png,a3ebf222
2444,captcha2444.png,d1ccde
2445,captcha2445.png,f3fc
2446,captcha2446.png,6b837b543
2447,captcha2447.png,07317c8
2448,captcha2448.png,e4e86d
2449,captcha2449.png,62eaa479
2450,captcha2450.png,bd8a492
2451,captcha2451.png,a63ff15
2452,captcha2452.png,a82f
2453,captcha2453.png,dd5c31
2454,captcha2454.png,22eea
2455,captcha2455.png,ea0ee2
2456,captcha2456.png,53314e
2457,captcha2457.png,80c286b
2458,captcha2458.png,62a48be
2459,captcha2459.png,5a2a8120
2460,captcha2460.png,5ef46
2461,captcha2461.png,73df5301
2462,captcha2462.png,f3312
2463,captcha2463.png,262e7
2464,captcha2464.png,0179ed
2465,captcha2465.png,dbc3a1
2466,captcha2466.png,8f44
2467,captcha2467.png,72bcc1
2468,captcha2468.png,570e8
2469,captcha2469.png,68b5
2470,captcha2470.png,747cff0a2
2471,captcha2471.png,cc3d0f
2472,captcha2472.png,081f500c
2473,captcha2473.png,8fdb8cd2f
2474,captcha2474.png,aea406
2475,captcha2475.png,d6a62bd7c
2476,captcha2476.png,cc5a8
2477,captcha2477.png,760d6b
2478,captcha2478.png,122f7f
2479,captcha2479.png,75c0
2480,captcha2480.png,2847d8b8
2481,captcha2481.png,7bf05
2482,captcha2482.png,3c9b1035
2483,captcha2483.png,5061fed3
2484,captcha2484.png,dd56828db
2485,captcha2485.png,5a1d27
2486,captcha2486.png,fb9b21
2487,captcha2487.png,5b42edfd4
2488,captcha2488.png,e2d79db
2489,captcha2489.png,fbef
2490,captcha2490.png,2879e
2491,captcha2491.png,a4eae85e
2492,captcha2492.png,fccd49575
2493,captcha2493.png,9053
2494,captcha2494.png,19e33a
2495,captcha2495.png,c8b9e82
2496,captcha2496.png,5728
2497,captcha2497.png,5f8d
2498,captcha2498.png,5555
2499,captcha2499.png,4a434299
